crop,temp_min,temp_max,humidity_min,humidity_max,ph_min,ph_max,rainfall_min,rainfall_max,n_min,n_max,p_min,p_max,k_min,k_max,water_requirement
Apple,11.5,22.44,74.83,100.0,5.65,6.95,39.39,141.48,83.95,123.4,47.13,85.66,23.53,60.42,Low
Areca nut,25.21,36.24,31.05,57.81,5.94,7.26,139.51,253.03,0.0,32.08,0.0,39.31,97.21,136.61,Medium
Banana,13.65,25.62,19.46,46.89,4.95,6.31,55.94,170.04,19.29,59.29,39.84,79.51,104.11,138.24,Medium
Barley,20.45,31.51,40.65,66.27,7.14,8.61,197.34,306.88,109.86,146.26,14.68,53.47,0.0,28.36,High
Beetroot,20.55,31.73,47.13,73.06,5.9,7.23,176.83,304.32,70.9,110.02,8.59,47.85,62.03,98.8,High
Blackgram,25.14,37.13,59.51,84.97,6.73,7.94,180.02,294.07,9.69,48.68,10.73,52.15,0.0,27.41,High
Blackpepper,9.52,21.25,21.2,48.24,4.6,5.81,0.0,107.92,27.86,63.82,7.33,46.68,1.41,39.53,Low
Brinjal,17.65,29.76,33.03,57.86,5.34,6.63,83.21,196.91,25.61,65.43,4.33,42.6,51.28,87.91,Medium
Cabbage,22.13,33.47,68.48,95.2,5.95,7.36,147.25,260.12,31.28,72.55,58.95,96.58,102.19,140.34,Medium
Cardamom,16.11,26.93,26.71,52.49,7.52,8.83,27.22,140.56,67.15,107.53,7.45,47.5,95.64,136.58,Low
Carrot,27.9,39.39,32.75,60.29,6.31,7.57,4.02,121.5,69.59,106.38,91.38,130.4,92.73,135.33,Low
Cashew,27.95,39.22,70.11,94.77,5.65,6.97,192.72,304.61,45.53,85.61,116.57,154.82,66.69,105.16,High
Cauliflower,14.6,26.81,78.87,100.0,7.45,8.82,108.67,223.13,32.35,72.76,36.02,73.65,80.53,118.1,Medium
Chickpea,11.08,22.31,72.17,96.74,6.38,7.67,179.97,293.54,48.95,88.03,18.36,54.62,57.96,99.66,High
Chilli,15.58,26.48,49.56,75.81,7.36,8.67,205.65,318.85,68.66,107.23,74.21,118.96,39.78,79.79,High
Coconut,21.32,32.77,26.87,54.08,7.53,8.85,137.78,245.65,32.69,72.91,3.55,43.52,0.28,38.68,Medium
Coffee,25.54,37.46,75.15,100.0,4.39,5.75,132.99,249.68,57.83,96.05,46.28,84.28,0.0,26.38,Medium
Cotton,28.78,39.96,48.63,73.41,6.94,8.26,5.21,115.78,36.0,73.88,66.08,104.99,0.0,26.16,Low
Garlic,26.18,37.71,20.27,46.12,7.61,8.81,11.66,123.94,37.32,77.87,56.49,96.23,0.0,38.18,Low
Ginger,24.16,36.0,69.58,94.16,4.22,5.49,0.0,115.39,49.95,88.02,18.72,58.41,16.19,56.87,Low
Grapes,18.65,30.37,28.03,53.68,5.85,7.14,22.11,136.29,0.0,32.86,0.0,35.92,84.96,123.1,Low
Groundnut,22.42,33.5,42.21,67.75,4.22,5.49,171.42,287.94,58.68,96.96,29.07,68.89,90.31,128.83,High
Jute,20.56,32.71,48.33,73.78,4.87,6.26,63.27,182.4,52.33,91.83,52.62,93.25,110.38,152.28,Medium
Kidneybeans,24.17,36.77,29.05,56.47,5.67,7.03,0.0,110.91,35.03,75.01,117.68,155.39,105.11,145.54,Low
Lentil,11.06,23.41,61.4,86.65,5.66,7.09,136.29,244.51,52.72,89.4,62.05,101.96,5.81,44.23,Medium
Maize,16.37,28.71,77.12,100.0,6.47,7.7,198.04,313.0,92.26,131.36,4.3,42.41,46.33,83.46,High
Mango,22.99,34.29,42.47,70.2,7.1,8.36,30.73,142.85,76.21,115.75,62.52,97.88,91.15,129.63,Low
Millet,19.28,31.55,34.47,60.15,7.63,8.94,23.36,141.1,30.93,70.26,113.34,153.16,23.55,64.17,Low
Mothbeans,14.66,25.48,61.88,87.01,5.65,6.93,198.35,312.92,16.06,55.66,3.12,43.71,49.96,88.92,High
Mungbean,25.62,37.2,42.69,67.74,5.04,6.31,158.55,279.82,79.6,123.06,27.79,67.89,98.67,137.08,High
Muskmelon,22.73,34.72,33.95,59.66,7.67,8.99,184.87,305.22,5.9,44.6,116.12,152.75,108.43,146.02,High
Okra,23.34,34.01,72.41,99.4,4.43,5.7,140.52,260.69,28.32,66.21,87.27,125.58,12.6,49.97,Medium
Onion,13.98,25.77,54.3,81.1,5.56,6.77,0.0,112.5,0.0,35.49,8.79,46.42,18.07,58.43,Low
Orange,26.65,38.1,65.6,93.13,6.74,8.09,97.02,202.99,31.62,70.17,64.24,102.98,8.02,48.72,Medium
Papaya,10.7,22.33,45.44,68.9,4.02,5.35,102.35,218.72,72.17,113.43,65.32,101.69,72.5,113.27,Medium
Peas,28.23,40.12,24.85,51.21,7.68,8.97,189.07,305.5,2.03,41.73,84.7,123.88,0.0,37.66,High
Pigeonpeas,28.77,40.36,38.06,63.54,5.33,6.61,110.43,220.2,8.46,50.76,79.27,119.8,84.79,125.23,Medium
Pomegranate,20.63,32.41,36.47,62.74,4.08,5.35,96.15,213.16,89.06,128.72,71.76,109.97,59.33,100.53,Medium
Potato,25.24,37.14,67.97,94.13,6.4,7.74,183.75,300.69,99.51,139.79,106.98,147.24,117.2,157.83,High
Rice,23.27,34.52,21.93,50.5,7.71,9.12,174.78,291.02,90.17,129.61,44.86,83.66,98.67,139.71,High
Rubber,20.17,31.21,57.53,83.63,4.27,5.63,25.0,134.03,29.76,68.78,111.12,149.25,0.0,25.85,Low
Sorghum,26.75,38.3,64.54,90.68,7.38,8.77,216.06,329.27,0.0,34.16,42.7,80.69,119.12,159.87,High
Soybean,11.68,22.83,70.2,96.0,4.46,5.76,30.16,140.55,21.22,63.36,113.58,149.83,18.17,59.06,Low
Sugarcane,12.09,24.34,60.9,87.29,4.28,5.6,113.45,233.39,10.94,48.63,0.0,25.15,14.91,54.69,Medium
Sunflower,15.07,27.57,68.08,93.63,7.71,9.13,116.85,221.51,68.1,108.32,103.02,141.5,11.58,52.01,Medium
Tea,15.38,27.22,49.17,75.92,6.49,7.85,227.15,341.51,5.19,44.65,109.69,152.5,38.57,77.45,High
Tobacco,25.39,36.56,61.94,88.89,6.73,8.07,14.4,132.08,79.47,118.97,62.05,106.3,15.55,52.75,Low
Tomato,26.68,37.81,46.47,72.9,5.33,6.82,147.81,264.89,8.82,47.51,58.81,95.89,54.15,93.14,Medium
Turmeric,16.72,28.27,44.77,71.49,6.44,7.73,209.31,329.81,103.22,142.94,66.94,105.21,40.71,80.53,High
Watermelon,14.85,26.66,59.3,84.5,5.25,6.49,0.59,119.26,79.84,119.28,44.03,84.68,35.88,76.46,Low
Wheat,21.97,33.89,64.22,89.42,6.95,8.18,11.86,126.51,3.61,44.66,75.88,115.24,22.58,64.05,Low
