date,temperature,humidity,rainfall
2016-01-01,24.81,74.95,43.43
2016-02-01,28.89,67.67,34.74
2016-03-01,30.32,66.57,31.04
2016-04-01,32.33,56.21,31.51
2016-05-01,32.25,56.92,44.76
2016-06-01,32.93,55.63,126.65
2016-07-01,29.26,66.27,115.55
2016-08-01,28.74,68.04,168.27
2016-09-01,27.07,76.03,185.52
2016-10-01,25.18,71.58,172.58
2016-11-01,24.65,78.6,103.0
2016-12-01,23.71,75.87,103.99
2017-01-01,26.1,71.28,30.68
2017-02-01,29.72,70.29,34.55
2017-03-01,31.35,58.95,36.44
2017-04-01,32.78,57.63,36.87
2017-05-01,32.93,62.46,20.01
2017-06-01,30.79,57.31,58.12
2017-07-01,28.65,57.78,88.3
2017-08-01,28.87,71.37,91.19
2017-09-01,25.5,72.58,152.81
2017-10-01,24.91,77.87,190.16
2017-11-01,23.38,75.83,132.85
2017-12-01,23.98,82.65,143.66
2018-01-01,25.02,77.58,20.21
2018-02-01,26.97,70.36,24.17
2018-03-01,32.32,66.38,37.42
2018-04-01,31.81,59.09,36.83
2018-05-01,32.78,53.14,45.75
2018-06-01,33.21,54.58,66.22
2018-07-01,31.49,61.93,92.65
2018-08-01,27.78,68.24,99.86
2018-09-01,25.75,73.77,134.2
2018-10-01,23.9,72.27,266.38
2018-11-01,23.47,80.92,262.61
2018-12-01,24.43,74.14,106.54
2019-01-01,26.11,76.59,47.02
2019-02-01,28.95,64.2,58.71
2019-03-01,29.91,64.98,21.57
2019-04-01,31.5,58.21,30.37
2019-05-01,32.13,53.34,29.01
2019-06-01,32.94,59.02,92.83
2019-07-01,30.49,66.21,73.57
2019-08-01,29.49,68.96,111.79
2019-09-01,26.13,70.82,154.82
2019-10-01,25.13,77.03,167.0
2019-11-01,24.58,78.83,124.62
2019-12-01,24.2,76.07,94.71
2020-01-01,26.09,68.8,25.39
2020-02-01,27.69,73.69,22.34
2020-03-01,29.95,59.78,35.43
2020-04-01,32.01,52.43,35.55
2020-05-01,33.1,52.12,33.5
2020-06-01,31.82,55.13,54.96
2020-07-01,30.44,52.28,83.86
2020-08-01,27.52,70.3,85.0
2020-09-01,26.65,75.7,142.85
2020-10-01,23.61,78.99,191.0
2020-11-01,24.76,76.22,114.88
2020-12-01,23.83,80.78,94.2
2021-01-01,26.45,73.05,43.27
2021-02-01,28.14,72.08,35.64
2021-03-01,30.21,55.55,30.02
2021-04-01,31.99,54.79,31.55
2021-05-01,33.26,52.71,35.4
2021-06-01,31.42,53.8,75.98
2021-07-01,30.18,63.53,80.34
2021-08-01,30.06,71.57,104.66
2021-09-01,27.67,76.26,132.12
2021-10-01,24.84,78.41,183.47
2021-11-01,23.7,80.78,237.81
2021-12-01,25.16,80.03,73.61
2022-01-01,25.53,71.28,29.49
2022-02-01,29.65,68.58,23.28
2022-03-01,32.12,61.55,37.84
2022-04-01,33.03,52.39,23.81
2022-05-01,32.82,62.6,53.87
2022-06-01,31.49,58.73,67.06
2022-07-01,29.65,58.93,137.58
2022-08-01,28.99,66.6,118.78
2022-09-01,26.38,75.53,125.4
2022-10-01,25.26,79.16,190.02
2022-11-01,24.27,79.48,160.16
2022-12-01,26.08,82.86,113.99
2023-01-01,26.65,73.03,42.2
2023-02-01,27.68,70.34,23.53
2023-03-01,30.2,65.1,34.26
2023-04-01,33.51,60.34,41.07
2023-05-01,33.08,55.03,33.88
2023-06-01,32.53,53.7,93.21
2023-07-01,29.6,55.33,62.67
2023-08-01,27.91,68.06,109.96
2023-09-01,27.78,74.71,117.19
2023-10-01,25.1,76.13,105.46
2023-11-01,24.58,80.32,201.6
2023-12-01,23.96,81.32,163.09
2024-01-01,25.43,70.81,34.98
2024-02-01,28.25,65.76,38.17
2024-03-01,30.98,57.07,30.79
2024-04-01,31.77,56.14,21.39
2024-05-01,32.81,57.8,32.36
2024-06-01,32.49,56.21,58.86
2024-07-01,29.31,61.59,84.84
2024-08-01,28.96,64.36,146.19
2024-09-01,25.35,78.08,81.89
2024-10-01,25.4,80.97,341.81
2024-11-01,23.45,76.88,138.61
2024-12-01,23.46,78.78,148.5
2025-01-01,25.11,75.42,29.91
2025-02-01,27.23,73.94,24.04
2025-03-01,29.75,64.56,28.94
2025-04-01,31.93,61.06,32.69
2025-05-01,33.73,55.76,71.46
2025-06-01,30.33,57.68,49.49
2025-07-01,29.91,62.88,97.12
2025-08-01,30.2,66.76,99.4
2025-09-01,25.85,77.27,166.27
2025-10-01,25.02,77.52,134.02
2025-11-01,24.41,81.29,179.23
2025-12-01,24.04,74.49,91.68
2026-01-01,25.87,71.14,30.94
2026-02-01,29.34,66.08,24.12
2026-03-01,31.97,63.2,31.86
2026-04-01,31.15,61.05,23.49
2026-05-01,33.95,52.26,63.28
2026-06-01,30.94,55.86,58.82
2026-07-01,31.56,62.89,56.05
2026-08-01,29.42,68.96,174.46
